time,B
0.0,0.38342206790138894
3.987987987987988,0.2703454588887822
7.975975975975976,2.296824911197708
12.012012012012011,5.277374209126811
16.0,6.294924781277804
19.98798798798799,7.627622224028859
23.975975975975977,8.095154334660107
28.01201201201201,8.824407618146214
32.0,9.577892749513929
35.987987987987985,9.803956887789985
39.97597597597598,9.97286252853385
44.012012012012015,9.367666080270844
48.0,9.655247074718085
