time,B
0.0,0.1791263071636229
3.987987987987988,0.19491688193363405
7.975975975975976,0.09248246927187519
12.012012012012011,0.7697289334950888
16.0,2.418552127081854
19.98798798798799,2.5945616441206996
23.975975975975977,3.5197094831506863
28.01201201201201,4.095113399003736
32.0,4.557037667813649
35.987987987987985,4.498622402962995
39.97597597597598,4.796580380353387
44.012012012012015,4.9971092743924075
48.0,5.067487553321051
